date,lirr_riders,mnr_riders,subway_riders
2023-01-01,67722,66309,1675507
2023-01-02,76247,72403,1938154
2023-01-03,179109,167136,3175777
2023-01-04,182834,170847,3413052
2023-01-05,175278,166642,3428520
2023-01-06,161259,142524,3229858
2023-01-07,87215,85244,2116138
2023-01-08,68647,64893,1610764
2023-01-09,173594,157335,3145743
2023-01-10,196817,179530,3469177
2023-01-11,188904,174349,3508962
2023-01-12,188850,168701,3472709
2023-01-13,167475,147885,3270020
2023-01-14,84718,83565,2072387
2023-01-15,72479,70493,1705804
2023-01-16,82416,75892,2172218
2023-01-17,193345,183674,3451604
2023-01-18,198264,182209,3603344
2023-01-19,179752,170122,3492226
2023-01-20,173943,150003,3375887
2023-01-21,88435,84763,2137169
2023-01-22,64883,61728,1593386
2023-01-23,172927,155439,3135214
2023-01-24,196319,182127,3566756
2023-01-25,188247,171748,3511071
2023-01-26,190219,173696,3629029
2023-01-27,178881,149763,3335372
2023-01-28,98609,89845,2248107
2023-01-29,73109,65422,1637398
2023-01-30,180476,159176,3223530
2023-01-31,198755,183484,3654404
2023-02-01,184043,169846,3682758
2023-02-02,187799,169864,3699932
2023-02-03,158579,135908,3189550
2023-02-04,69433,64032,1742435
2023-02-05,69379,62639,1625375
2023-02-06,181320,157813,3372445
2023-02-07,201438,183389,3738539
2023-02-08,197370,180852,3780682
2023-02-09,193326,172507,3754859
2023-02-10,179637,154760,3539529
2023-02-11,94434,88281,2333625
2023-02-12,67457,63383,1746099
2023-02-13,180002,159741,3303337
2023-02-14,200327,179811,3812943
2023-02-15,197344,181992,3762817
2023-02-16,189802,172189,3683782
2023-02-17,172113,150151,3253165
2023-02-18,91478,93213,2271106
2023-02-19,75448,75064,1824136
2023-02-20,90371,79984,2238557
2023-02-21,194967,174283,3325542
2023-02-22,193753,171187,3454362
2023-02-23,188438,167193,3498367
2023-02-24,179793,153058,3246699
2023-02-25,86403,81742,2043635
2023-02-26,74226,67702,1625191
2023-02-27,180277,160346,3337916
2023-02-28,177532,139326,3412079
2023-03-01,192142,176661,3780713
2023-03-02,195243,176678,3765925
2023-03-03,172623,150603,3481830
2023-03-04,96720,84352,2173217
2023-03-05,81079,72918,1772121
2023-03-06,185896,163314,3427019
2023-03-07,205559,186615,3773780
2023-03-08,203258,186940,3842861
2023-03-09,201711,186197,3827656
2023-03-10,182873,160550,3502339
2023-03-11,78979,88667,2230530
2023-03-12,75970,70403,1773585
2023-03-13,179787,157310,3352388
2023-03-14,189402,159031,3577250
2023-03-15,205092,187128,3912366
2023-03-16,209838,187573,3949788
2023-03-17,199191,171443,3661519
2023-03-18,102021,101788,2417873
2023-03-19,82032,72936,1894476
2023-03-20,191367,167256,3442589
2023-03-21,213026,189925,3801084
2023-03-22,202826,184321,3797399
2023-03-23,200870,177877,3774396
2023-03-24,188352,159574,3534300
2023-03-25,89101,82702,2153554
2023-03-26,83054,81819,1939984
2023-03-27,192461,166543,3397258
2023-03-28,207837,189294,3765920
2023-03-29,208736,187520,3872948
2023-03-30,200601,187344,3860289
2023-03-31,184342,158879,3573735
2023-04-01,82140,88096,2283533
2023-04-02,76059,79027,1949665
2023-04-03,182947,162370,3597785
2023-04-04,200063,188769,3906882
2023-04-05,205060,185283,3799965
2023-04-06,193340,169192,3421271
2023-04-07,187800,159262,3130675
2023-04-08,108740,99273,2393347
2023-04-09,98030,85620,1855826
2023-04-10,191412,170713,3142740
2023-04-11,210828,193831,3537843
2023-04-12,207802,191574,3576687
2023-04-13,200072,183658,3628304
2023-04-14,190858,173790,3471420
2023-04-15,99793,103902,2365464
2023-04-16,80318,85026,1864753
2023-04-17,188445,167759,3418834
2023-04-18,207882,194548,3862133
2023-04-19,206116,195085,3927706
2023-04-20,208664,189699,4002433
2023-04-21,195442,174727,3492257
2023-04-22,106134,106032,2506140
2023-04-23,87793,79003,1923243
2023-04-24,196593,173997,3561262
2023-04-25,216767,192115,3956922
2023-04-26,216097,191885,3994837
2023-04-27,216674,184365,3999831
2023-04-28,195436,160861,3703088
2023-04-29,85167,77009,2179978
2023-04-30,75065,65334,1744098
2023-05-01,188566,167178,3664755
2023-05-02,211550,197217,3961858
2023-05-03,209450,195363,4030601
2023-05-04,206323,189538,3985001
2023-05-05,200675,170610,3759375
2023-05-06,111525,103318,2563102
2023-05-07,92076,83007,2033790
2023-05-08,198056,180789,3563340
2023-05-09,221290,205069,3925555
2023-05-10,221747,203414,4014009
2023-05-11,210683,201006,4015942
2023-05-12,201367,185027,3723192
2023-05-13,113810,109940,2487178
2023-05-14,102178,101088,1926966
2023-05-15,201209,184909,3553443
2023-05-16,227489,207484,4002015
2023-05-17,223059,206630,4104786
2023-05-18,218955,198433,4082154
2023-05-19,208310,181114,3789929
2023-05-20,102957,95625,2314672
2023-05-21,103484,91335,2132724
2023-05-22,203122,186008,3571748
2023-05-23,219619,214621,3929003
2023-05-24,219886,208487,3960264
2023-05-25,215946,201855,3859385
2023-05-26,207347,187188,3496511
2023-05-27,116439,120011,2375741
2023-05-28,102985,102009,2029088
2023-05-29,99456,86149,1952779
2023-05-30,227623,205661,3714864
2023-05-31,229227,211998,3911382
2023-06-01,210483,191410,3894167
2023-06-02,202543,170399,3626490
2023-06-03,115723,102668,2411704
2023-06-04,103120,88859,1988330
2023-06-05,200806,183510,3544106
2023-06-06,218376,213292,3929131
2023-06-07,212982,202951,3743889
2023-06-08,189487,176985,3268529
2023-06-09,214001,185677,3425232
2023-06-10,139304,117616,2608756
2023-06-11,106971,98115,2075651
2023-06-12,202015,185343,3479404
2023-06-13,233588,212364,3968160
2023-06-14,235667,207746,3893073
2023-06-15,228608,206188,3928393
2023-06-16,214883,177916,3395938
2023-06-17,138654,111460,2399521
2023-06-18,119996,95597,1977582
2023-06-19,196645,168591,2636887
2023-06-20,235806,224371,3782810
2023-06-21,242162,221141,3902298
2023-06-22,233588,208969,3782472
2023-06-23,222283,188373,3470575
2023-06-24,128075,109217,2467994
2023-06-25,123527,113238,2222704
2023-06-26,218393,185070,3341322
2023-06-27,231738,209234,3744227
2023-06-28,233457,207293,3634270
2023-06-29,233625,200724,3653631
2023-06-30,219673,178064,3259767
2023-07-01,120270,99597,2239529
2023-07-02,92780,74415,1783757
2023-07-03,149641,128417,2662052
2023-07-04,96458,84010,1791179
2023-07-05,211448,189434,3318379
2023-07-06,209335,186822,3494806
2023-07-07,197892,171597,3292266
2023-07-08,120931,107854,2308794
2023-07-09,95243,83783,1776607
2023-07-10,196506,171497,3208730
2023-07-11,221923,200151,3613670
2023-07-12,218097,199169,3696737
2023-07-13,218715,190952,3648007
2023-07-14,198119,163840,3209393
2023-07-15,124007,107124,2326054
2023-07-16,89763,72406,1599858
2023-07-17,205378,182216,3282092
2023-07-18,225299,204203,3584819
2023-07-19,224202,203857,3679343
2023-07-20,224327,197400,3711017
2023-07-21,201177,176892,3227154
2023-07-22,133328,93215,2459990
2023-07-23,116485,94729,1984503
2023-07-24,206025,180716,3255379
2023-07-25,226651,211053,3630414
2023-07-26,226363,210315,3758378
2023-07-27,219460,187729,3580012
2023-07-28,205845,170128,3266199
2023-07-29,120457,100508,2251524
2023-07-30,116784,91861,1952433
2023-07-31,205976,185348,3204920
2023-08-01,221518,199547,3598379
2023-08-02,219641,201003,3640307
2023-08-03,220565,197044,3609076
2023-08-04,193528,171533,3228510
2023-08-05,122596,114660,2364364
2023-08-06,107399,96010,1910841
2023-08-07,191530,163799,3041001
2023-08-08,218555,193867,3510047
2023-08-09,224241,192028,3613062
2023-08-10,208782,178768,3429304
2023-08-11,206947,171116,3311714
2023-08-12,131586,109269,2366787
2023-08-13,112932,93730,1953558
2023-08-14,201352,168873,3092801
2023-08-15,212116,187441,3385996
2023-08-16,217398,190267,3447648
2023-08-17,212321,180631,3385056
2023-08-18,208639,174410,3182516
2023-08-19,144076,124069,2358962
2023-08-20,101351,94332,1870625
2023-08-21,198534,170102,2971166
2023-08-22,213724,194321,3352769
2023-08-23,215258,192053,3412842
2023-08-24,204439,176827,3297927
2023-08-25,191119,153854,3034255
2023-08-26,122930,100194,2281885
2023-08-27,106913,85878,1909806
2023-08-28,215843,170897,3121505
2023-08-29,235092,189077,3401088
2023-08-30,230912,180304,3462970
2023-08-31,229477,176676,3450532
2023-09-01,202450,152974,3196284
2023-09-02,132551,107230,2307416
2023-09-03,119566,90729,2013506
2023-09-04,114475,87538,1879819
2023-09-05,239334,218899,3483755
2023-09-06,238477,211126,3712071
2023-09-07,226937,206910,3867746
2023-09-08,225125,183785,3609701
2023-09-09,125177,102373,2425515
2023-09-10,96835,81850,1822230
2023-09-11,213280,191592,3596538
2023-09-12,241196,221092,4014480
2023-09-13,229765,210001,3938516
2023-09-14,232039,206374,4045169
2023-09-15,225904,192398,3694845
2023-09-16,117997,115065,2446139
2023-09-17,107302,96229,1988003
2023-09-18,215151,192103,3539047
2023-09-19,241135,224426,4140301
2023-09-20,242203,219540,4179861
2023-09-21,232409,211375,4139288
2023-09-22,223821,194197,3840412
2023-09-23,96073,86985,2116140
2023-09-24,83669,75103,1701656
2023-09-25,194611,175651,2885921
2023-09-26,235620,214987,3946624
2023-09-27,232823,212978,4074930
2023-09-28,227819,201304,4051444
2023-09-29,188008,128570,2467295
2023-09-30,104842,100703,2205573
2023-10-01,94222,92724,1995361
2023-10-02,208901,183892,3649389
2023-10-03,235305,214111,4008201
2023-10-04,231999,209399,4026878
2023-10-05,233470,207356,4030304
2023-10-06,225040,193065,3639729
2023-10-07,105975,95026,2199478
2023-10-08,98315,105952,2044534
2023-10-09,206491,189567,2833654
2023-10-10,239967,220445,3954925
2023-10-11,236033,214437,4056504
2023-10-12,248974,215284,4104598
2023-10-13,226873,193658,3560964
2023-10-14,110177,96158,2219786
2023-10-15,102493,100633,2013096
2023-10-16,228147,203627,3661144
2023-10-17,243917,222110,4021342
2023-10-18,236072,213952,4074460
2023-10-19,234999,212946,4121563
2023-10-20,222385,192383,3616336
2023-10-21,113139,101963,2438387
2023-10-22,98471,93659,1983271
2023-10-23,221569,199199,3667240
2023-10-24,241544,218201,4040571
2023-10-25,237292,217420,4120011
2023-10-26,242021,215171,4142420
2023-10-27,229895,203068,3853546
2023-10-28,124172,139276,2743759
2023-10-29,86843,80705,1834459
2023-10-30,225140,197550,3623778
2023-10-31,224816,203951,4016482
2023-11-01,226067,208249,4043524
2023-11-02,231370,206350,4082807
2023-11-03,218703,193580,3808235
2023-11-04,122433,123922,2588115
2023-11-05,109258,109891,2310457
2023-11-06,225898,198934,3686141
2023-11-07,238656,215344,3655078
2023-11-08,238727,213738,4066029
2023-11-09,235844,210130,4020939
2023-11-10,224512,200669,3611367
2023-11-11,122170,118398,2588540
2023-11-12,99171,91623,1947270
2023-11-13,225204,194691,3597029
2023-11-14,235487,214218,3991767
2023-11-15,235718,214486,4036442
2023-11-16,235070,207671,4048862
2023-11-17,227909,201231,3741391
2023-11-18,124053,120273,2477547
2023-11-19,100792,100924,1943926
2023-11-20,228502,203599,3647283
2023-11-21,236079,213162,3774952
2023-11-22,254968,220030,3378351
2023-11-23,116969,107690,1628385
2023-11-24,215833,197178,2457591
2023-11-25,124716,117682,2123590
2023-11-26,101486,95729,1686490
2023-11-27,228127,200017,3523494
2023-11-28,234794,216450,3916476
2023-11-29,234738,212929,4032882
2023-11-30,236142,210592,4072271
2023-12-01,185151,164628,3723171
2023-12-02,126374,125483,2748170
2023-12-03,87340,76999,1827959
2023-12-04,223257,201080,3709458
2023-12-05,243329,224065,3991835
2023-12-06,230920,211076,4116059
2023-12-07,231114,204586,4088438
2023-12-08,225208,198539,3863961
2023-12-09,156237,147745,2922085
2023-12-10,90884,82225,1838048
2023-12-11,219022,191110,3642743
2023-12-12,236348,219393,4051574
2023-12-13,238451,215546,4067457
2023-12-14,236516,213415,4122091
2023-12-15,235800,208572,3845234
2023-12-16,149340,149013,2866544
2023-12-17,96415,88502,1954707
2023-12-18,201289,174850,3314782
2023-12-19,244031,213625,3912934
2023-12-20,236060,206420,3838407
2023-12-21,229252,199411,3675448
2023-12-22,231036,206169,3372318
2023-12-23,139904,130053,2244175
2023-12-24,92540,77874,1657096
2023-12-25,80587,65350,1273729
2023-12-26,219149,192910,2668642
2023-12-27,220010,186541,2912007
2023-12-28,218546,193235,3064841
2023-12-29,237781,210361,3198885
2023-12-30,121688,121647,2440211
2023-12-31,99817,89554,1934651
2024-01-01,82811,73957,1648734
2024-01-02,209680,184978,3290639
2024-01-03,217373,194441,3555082
2024-01-04,212217,190588,3560703
2024-01-05,199441,173362,3263064
2024-01-06,92741,82890,1942458
2024-01-07,72971,57280,1472438
2024-01-08,208960,184150,3303727
2024-01-09,213699,188888,3353192
2024-01-10,217461,191221,3557166
2024-01-11,229117,199799,3688916
2024-01-12,207670,182896,3365791
2024-01-13,101558,97439,2167383
2024-01-14,85521,78197,1743556
2024-01-15,91887,80498,2169917
2024-01-16,205716,178389,3235935
2024-01-17,217173,199986,3616923
2024-01-18,217911,197257,3655850
2024-01-19,191999,171490,3176408
2024-01-20,96128,82817,2024041
2024-01-21,78041,66955,1576126
2024-01-22,209302,185181,3305387
2024-01-23,233311,205300,3652488
2024-01-24,223928,201969,3666907
2024-01-25,223766,199560,3681867
2024-01-26,213749,184511,3380816
2024-01-27,117555,102600,2283244
2024-01-28,75177,66794,1549077
2024-01-29,214890,187702,3297571
2024-01-30,230931,207896,3717520
2024-01-31,228148,204353,3808584
2024-02-01,214275,189621,3814682
2024-02-02,200395,174044,3457807
2024-02-03,113576,102310,2324038
2024-02-04,86327,77083,1742107
2024-02-05,218879,190181,3481777
2024-02-06,233524,208252,3857533
2024-02-07,229426,202871,3900992
2024-02-08,232069,198010,3903673
2024-02-09,218909,185475,3547321
2024-02-10,118074,99942,2385448
2024-02-11,83832,73614,1774698
2024-02-12,212628,185118,3374596
2024-02-13,166803,134355,2273584
2024-02-14,230505,201686,3963628
2024-02-15,228885,202704,3874860
2024-02-16,210552,186547,3504536
2024-02-17,95271,92423,2178047
2024-02-18,89877,81659,1850840
2024-02-19,96569,85973,2244741
2024-02-20,233827,207099,3490990
2024-02-21,230058,201074,3591484
2024-02-22,225465,195315,3588173
2024-02-23,208527,182348,3219121
2024-02-24,114816,98942,2308808
2024-02-25,88104,78248,1740477
2024-02-26,217914,187542,3439079
2024-02-27,233207,208042,3802458
2024-02-28,228110,199671,3784177
2024-02-29,232010,204828,3905888
2024-03-01,181633,157348,3573658
2024-03-02,98266,85586,2094029
2024-03-03,93906,85095,1961510
2024-03-04,219565,188845,3539671
2024-03-05,236999,204515,3819514
2024-03-06,225080,198040,3865589
2024-03-07,226926,197659,3893731
2024-03-08,226372,192899,3685219
2024-03-09,113368,97183,2128635
2024-03-10,90567,77768,1803578
2024-03-11,218755,188108,3497588
2024-03-12,239002,213584,3988438
2024-03-13,237603,212582,4024943
2024-03-14,240124,211962,4049186
2024-03-15,227481,199285,3643013
2024-03-16,138156,129667,2553056
2024-03-17,103993,86964,1972170
2024-03-18,221451,190770,3482565
2024-03-19,242771,210028,3869116
2024-03-20,234446,206030,3886104
2024-03-21,228782,200037,3862248
2024-03-22,225175,187489,3581959
2024-03-23,95770,77331,1863863
2024-03-24,95973,80451,1912946
2024-03-25,224068,192720,3583716
2024-03-26,239790,211566,3969793
2024-03-27,241268,207744,4014011
2024-03-28,239840,200583,3910547
2024-03-29,241583,198343,3372535
2024-03-30,135355,111061,2526569
2024-03-31,121273,98458,1936295
2024-04-01,208291,180107,3321989
2024-04-02,234615,206753,3900061
2024-04-03,222764,195001,3890305
2024-04-04,232730,201745,4100733
2024-04-05,225107,202580,3800800
2024-04-06,128106,117095,2477127
2024-04-07,101624,94103,1899641
2024-04-08,220359,194106,3506719
2024-04-09,251964,228390,4042674
2024-04-10,235585,216591,3791945
2024-04-11,241215,205013,4000485
2024-04-12,225168,191755,3668439
2024-04-13,120351,110542,2535112
2024-04-14,103711,93633,2068885
2024-04-15,233386,203835,3704177
2024-04-16,243835,220030,4033514
2024-04-17,243323,214829,4021256
2024-04-18,230634,203859,3966226
2024-04-19,223518,205809,3705782
2024-04-20,125999,123804,2537525
2024-04-21,101817,98834,1918237
2024-04-22,229680,206229,3219677
2024-04-23,238274,221191,3522218
2024-04-24,233010,215927,3608010
2024-04-25,242243,217219,3723894
2024-04-26,229885,198590,3431590
2024-04-27,123192,109447,2506779
2024-04-28,100214,91619,2084950
2024-04-29,225362,201385,3323706
2024-04-30,240862,218592,3638986
2024-05-01,230682,205030,4032791
2024-05-02,235003,210951,4061242
2024-05-03,226880,204190,3780888
2024-05-04,123516,122719,2563658
2024-05-05,99491,87988,1889174
2024-05-06,229643,200506,3652105
2024-05-07,250953,227303,4098321
2024-05-08,244202,221059,4087477
2024-05-09,247959,218370,4086528
2024-05-10,228020,195091,3677268
2024-05-11,134051,117308,2648580
2024-05-12,114118,98717,1858872
2024-05-13,244216,209794,3703066
2024-05-14,260745,226656,4116655
2024-05-15,248434,219840,4114615
2024-05-16,243988,215601,4105026
2024-05-17,241980,215838,3816914
2024-05-18,131709,130279,2691368
2024-05-19,112130,106408,2121485
2024-05-20,236846,216450,3682061
2024-05-21,252506,234587,4029557
2024-05-22,258544,233098,4104021
2024-05-23,250848,215083,3863099
2024-05-24,250907,209130,3583244
2024-05-25,135961,120036,2347159
2024-05-26,120709,101017,2019012
2024-05-27,99975,81042,1667890
2024-05-28,257078,227311,3825781
2024-05-29,254749,227379,4006764
2024-05-30,253843,219887,3979959
2024-05-31,245017,211027,3688627
2024-06-01,128555,110948,2446153
2024-06-02,114504,92567,1978037
2024-06-03,225413,197640,3611491
2024-06-04,255090,233237,3979793
2024-06-05,264512,230173,4051943
2024-06-06,245631,219447,3774324
2024-06-07,252098,214062,3752412
2024-06-08,159020,135138,2673220
2024-06-09,132945,107497,2134551
2024-06-10,240121,211542,3702212
2024-06-11,259101,230796,3995425
2024-06-12,256255,224305,3977760
2024-06-13,254575,221855,3936941
2024-06-14,247019,204586,3517062
2024-06-15,142102,122409,2431810
2024-06-16,130133,109303,1897201
2024-06-17,242993,215241,3325104
2024-06-18,260538,242116,3920839
2024-06-19,232540,206582,3046320
2024-06-20,255683,227113,3857797
2024-06-21,244215,211543,3500365
2024-06-22,133102,119962,2385207
2024-06-23,118067,103892,1908786
2024-06-24,246269,213904,3467845
2024-06-25,271783,232410,3831447
2024-06-26,264126,226518,3901100
2024-06-27,255215,227648,3776811
2024-06-28,255739,211914,3522732
2024-06-29,138769,119738,2454997
2024-06-30,126526,108244,2002269
2024-07-01,216906,185943,3273546
2024-07-02,234535,207844,3542073
2024-07-03,237577,205176,3409357
2024-07-04,117030,101274,1992244
2024-07-05,207314,183222,2700734
2024-07-06,119417,110386,2100877
2024-07-07,120316,105041,1804572
2024-07-08,226613,199454,3228784
2024-07-09,249970,219843,3605032
2024-07-10,249781,210993,3691835
2024-07-11,246250,209174,3688029
2024-07-12,231084,191828,3261074
2024-07-13,123988,107166,2203283
2024-07-14,119283,97038,1869670
2024-07-15,233209,202008,3259800
2024-07-16,249559,220620,3594150
2024-07-17,248424,214137,3651756
2024-07-18,241785,211370,3637826
2024-07-19,243438,206922,3372874
2024-07-20,131910,125050,2269647
2024-07-21,126169,111438,1877704
2024-07-22,231813,215087,3235343
2024-07-23,247915,229841,3606656
2024-07-24,249158,224862,3656472
2024-07-25,255367,214281,3638351
2024-07-26,247475,201321,3288849
2024-07-27,138344,125101,2306948
2024-07-28,121226,99516,1851383
2024-07-29,233537,200999,3202281
2024-07-30,251398,220120,3590241
2024-07-31,248316,213562,3576343
2024-08-01,229131,194439,3544663
2024-08-02,215453,181008,3153955
2024-08-03,123922,109769,2200373
2024-08-04,108959,92383,1752861
2024-08-05,234345,192078,3222601
2024-08-06,234650,207212,3462581
2024-08-07,239223,202867,3511253
2024-08-08,230083,196259,3490217
2024-08-09,215973,170622,3041276
2024-08-10,133623,119101,2356405
2024-08-11,121004,103975,1918748
2024-08-12,231099,191415,3169180
2024-08-13,242459,205674,3491612
2024-08-14,242186,202330,3544668
2024-08-15,241573,196106,3495671
2024-08-16,235035,185953,3198733
2024-08-17,135948,112928,2256233
2024-08-18,106004,82177,1713050
2024-08-19,224656,183503,3076559
2024-08-20,250304,211051,3475888
2024-08-21,247076,204853,3498651
2024-08-22,245912,199777,3427911
2024-08-23,235738,196218,3209666
2024-08-24,146684,119252,2332624
2024-08-25,130885,101267,1905818
2024-08-26,244138,186630,3113498
2024-08-27,261771,201834,3477101
2024-08-28,257194,195873,3516674
2024-08-29,261935,192714,3438760
2024-08-30,255954,195334,3152242
2024-08-31,149890,119313,2158004
2024-09-01,120499,95622,1969350
2024-09-02,134118,95598,2007446
2024-09-03,263763,220831,3629404
2024-09-04,271660,225508,3868854
2024-09-05,262639,220098,4033322
2024-09-06,258126,202757,3794952
2024-09-07,137291,105974,2479639
2024-09-08,120584,98767,2101048
2024-09-09,247296,214384,3811344
2024-09-10,263027,233290,4182405
2024-09-11,263710,228252,4214707
2024-09-12,263539,228985,4232214
2024-09-13,254945,219747,3911412
2024-09-14,145099,136864,2706474
2024-09-15,128174,118303,2161737
2024-09-16,254618,215601,3821428
2024-09-17,268678,232809,4189311
2024-09-18,281624,229697,4232888
2024-09-19,272725,226944,4255184
2024-09-20,270065,215673,3933048
2024-09-21,160150,133469,2744632
2024-09-22,131192,102752,2131910
2024-09-23,250701,218237,3898806
2024-09-24,270524,240779,4323708
2024-09-25,267471,236202,4335945
2024-09-26,264141,228971,4295723
2024-09-27,258258,221034,3945383
2024-09-28,134408,132177,2557982
2024-09-29,117572,102805,1959363
2024-09-30,256547,217897,3849138
2024-10-01,247737,218836,4179363
2024-10-02,258854,227124,4068073
2024-10-03,246586,217197,3627528
2024-10-04,251723,215328,3506654
2024-10-05,142657,148928,2710146
2024-10-06,111257,105906,2065294
2024-10-07,250063,220335,3847055
2024-10-08,275934,235974,4256950
2024-10-09,275026,234694,4313211
2024-10-10,272428,233710,4329161
2024-10-11,257460,224122,3868564
2024-10-12,149093,144234,2587128
2024-10-13,127619,120235,2153429
2024-10-14,240501,225263,3066851
2024-10-15,270652,249266,4284818
2024-10-16,279608,236091,4357117
2024-10-17,277906,237000,4309633
2024-10-18,272133,229999,4030998
2024-10-19,156212,147214,2752350
2024-10-20,127452,122789,2176476
2024-10-21,247857,219983,3842315
2024-10-22,268294,237771,4218881
2024-10-23,257031,233881,4276606
2024-10-24,260193,232459,4304831
2024-10-25,262815,223941,4019790
2024-10-26,143111,148103,2828539
2024-10-27,120849,115917,2208683
2024-10-28,253923,229873,3983168
2024-10-29,272526,249585,4378791
2024-10-30,267007,246035,4417951
2024-10-31,257756,221856,4340272
2024-11-01,213535,185052,3780874
2024-11-02,138761,134522,2817106
2024-11-03,132720,123028,2602870
2024-11-04,243884,216014,3949699
2024-11-05,244078,213516,3640246
2024-11-06,256311,221461,4113411
2024-11-07,259228,226007,4232190
2024-11-08,245087,213611,3971878
2024-11-09,133329,134651,2770474
2024-11-10,105256,103048,2117144
2024-11-11,236005,206579,3277617
2024-11-12,264372,234752,4263199
2024-11-13,257349,229455,4331024
2024-11-14,251765,217969,4296568
2024-11-15,247886,214139,3986526
2024-11-16,137240,132742,2789132
2024-11-17,118405,101707,2101806
2024-11-18,246602,214015,3900958
2024-11-19,260621,235198,4277932
2024-11-20,261795,232558,4298945
2024-11-21,247779,217248,4217744
2024-11-22,240803,205229,3854860
2024-11-23,144950,134514,2720244
2024-11-24,115037,104157,2075015
2024-11-25,259180,221649,3914213
2024-11-26,263231,233673,4030009
2024-11-27,284694,243529,3710430
2024-11-28,115895,103402,1513447
2024-11-29,243219,219251,2677499
2024-11-30,148820,135368,2319981
2024-12-01,116806,103768,1893492
2024-12-02,240375,209021,3813795
2024-12-03,266544,234201,4240442
2024-12-04,254632,224379,4374883
2024-12-05,254255,215246,4354863
2024-12-06,242555,206009,4121085
2024-12-07,149946,139193,3017208
2024-12-08,122147,107390,2348950
2024-12-09,243001,211638,3941361
2024-12-10,265077,234161,4374063
2024-12-11,253052,222538,4255328
2024-12-12,269149,236210,4527892
2024-12-13,248254,222096,4178812
2024-12-14,161398,159083,3123454
2024-12-15,120386,108880,2337436
2024-12-16,239706,206160,3866550
2024-12-17,266960,237348,4341385
2024-12-18,266741,229302,4292792
2024-12-19,267033,227613,4255466
2024-12-20,247250,213269,3842344
2024-12-21,147327,138248,2645323
2024-12-22,121379,110023,2061173
2024-12-23,253495,210375,3216875
2024-12-24,211807,173267,2546394
2024-12-25,87185,66693,1378374
2024-12-26,240534,203127,2852679
2024-12-27,254609,225114,3161486
2024-12-28,139519,119418,2268511
2024-12-29,127153,107415,2122120
2024-12-30,248532,209077,3316046
2024-12-31,223942,186037,2874166
2025-01-01,90318,74690,1779501
2025-01-02,210914,165475,3377364
2025-01-03,203652,163577,3413456
2025-01-04,117004,100579,2315791
2025-01-05,96683,79761,1791537
2025-01-06,229503,202575,3437198
2025-01-07,245930,220945,3784051
2025-01-08,239444,209550,3834806
2025-01-09,229804,198894,3757580
2025-01-10,226639,189644,3561095
2025-01-11,121021,96491,2333104
2025-01-12,98780,82736,1832507
2025-01-13,232624,202056,3565093
2025-01-14,252417,218691,3901919
2025-01-15,237904,211912,3927198
2025-01-16,244145,210063,3919882
2025-01-17,231166,197835,3604425
2025-01-18,122763,103091,2336087
2025-01-19,87352,75906,1828934
2025-01-20,96444,78479,2216281
2025-01-21,240724,212861,3624134
2025-01-22,239508,209338,3745833
2025-01-23,242403,209534,3870712
2025-01-24,234056,195169,3584146
2025-01-25,130818,103192,2486799
2025-01-26,100305,82565,1882291
2025-01-27,239834,200074,3612704
2025-01-28,260461,218807,4057100
2025-01-29,246641,213599,3735444
2025-01-30,243926,210602,4088389
2025-01-31,225159,190971,3624121
2025-02-01,114523,94588,2483263
2025-02-02,132846,72681,1848424
2025-02-03,223504,183417,3695940
2025-02-04,259976,219042,4150390
2025-02-05,248050,213793,4182058
2025-02-06,229479,182951,3885191
2025-02-07,236121,197152,3861700
2025-02-08,113264,96754,2538395
2025-02-09,83513,69578,1850257
2025-02-10,234725,198962,3746029
2025-02-11,247848,215260,4111749
2025-02-12,235576,205325,3940993
2025-02-13,243915,205656,4098104
2025-02-14,233715,198806,3855445
2025-02-15,105976,91906,2355977
2025-02-16,93199,71059,1809213
2025-02-17,101826,84372,2458343
2025-02-18,243993,210850,3698061
2025-02-19,243335,207633,3830039
2025-02-20,241345,203840,3822211
2025-02-21,228844,191570,3481093
2025-02-22,116852,101509,2492096
2025-02-23,105060,85701,1905750
2025-02-24,234816,201187,3722403
2025-02-25,258241,220142,4094456
2025-02-26,254446,217753,4202962
2025-02-27,249988,213554,4123434
2025-02-28,241045,202576,3867670
2025-03-01,124608,104535,2655494
2025-03-02,90230,75153,1943509
2025-03-03,227656,190695,3783633
2025-03-04,257066,222055,4178706
2025-03-05,246143,211791,4139402
2025-03-06,248999,214413,4177390
2025-03-07,243527,203928,3877969
2025-03-08,124078,110319,2662053
2025-03-09,104989,86431,1991779
2025-03-10,249300,209606,3849712
2025-03-11,261433,228328,4220071
2025-03-12,259006,226656,4273439
2025-03-13,262786,224898,4265918
2025-03-14,258621,213317,3926685
2025-03-15,142839,119626,2686698
2025-03-16,113968,88439,2111229
2025-03-17,246824,210355,3751313
2025-03-18,264924,230580,4232297
2025-03-19,260031,225253,4274997
2025-03-20,261511,220117,4191910
2025-03-21,248037,208980,3873120
2025-03-22,140466,117875,2653512
2025-03-23,105102,91061,2007695
2025-03-24,242261,204177,3650582
2025-03-25,265289,228951,4214256
2025-03-26,265709,223047,4237196
2025-03-27,261311,231056,4263378
2025-03-28,246718,209792,3878481
2025-03-29,148404,136492,2887283
2025-03-30,115125,95708,2055899
2025-03-31,244921,209348,3414357
2025-04-01,257703,226059,4247056
2025-04-02,258088,227068,4320984
2025-04-03,257460,226170,4286943
2025-04-04,260319,208594,3990036
2025-04-05,128321,110701,2658935
2025-04-06,115809,87900,2059867
2025-04-07,244565,207119,3848628
2025-04-08,263712,228166,4324220
2025-04-09,262570,226464,4343794
2025-04-10,263157,220604,4299477
2025-04-11,247547,210055,3864826
2025-04-12,122395,111344,2528127
2025-04-13,108197,102506,2180093
2025-04-14,246154,224282,3598255
2025-04-15,270809,239573,3997927
2025-04-16,262626,236314,4059487
2025-04-17,275186,233477,4077460
2025-04-18,260413,224930,3551334
2025-04-19,152672,134808,2880379
2025-04-20,124079,110984,2100218
2025-04-21,258848,220681,3806992
2025-04-22,270985,237443,4307321
2025-04-23,273441,236130,4402438
2025-04-24,269508,237334,4419648
2025-04-25,256108,225725,4124744
2025-04-26,128572,112915,2696077
2025-04-27,116980,104529,2329464
2025-04-28,252796,219281,3946503
2025-04-29,275022,236516,4350681
2025-04-30,274421,235657,4406705
2025-05-01,255295,217184,4440098
2025-05-02,241602,208851,4120612
2025-05-03,133711,122132,2896423
2025-05-04,110229,96550,2175053
2025-05-05,245700,209710,3924272
2025-05-06,259823,230786,4289517
2025-05-07,265244,237348,4438683
2025-05-08,267298,228124,4380539
2025-05-09,253493,207842,3893760
2025-05-10,156932,132365,2895080
2025-05-11,137582,118279,2177273
2025-05-12,267260,225151,3950681
2025-05-13,273175,236762,4101901
2025-05-14,268675,231338,4325655
2025-05-15,269831,233021,4226351
2025-05-16,273352,234569,3917793
2025-05-17,147850,141007,2806907
2025-05-18,128018,118803,2348810
2025-05-19,261500,226926,3859712
2025-05-20,285050,255638,4288364
2025-05-21,277010,239556,4359486
2025-05-22,262440,226023,4177436
2025-05-23,276688,222482,3867945
2025-05-24,150831,123603,2613079
2025-05-25,134252,114432,2265268
2025-05-26,130049,108449,2225230
2025-05-27,281318,243011,4131820
2025-05-28,273219,241099,4319577
2025-05-29,272341,233835,4330609
2025-05-30,267632,220334,4013939
2025-05-31,145270,116390,2703804
2025-06-01,121796,99548,2216471
2025-06-02,232864,207612,3825105
2025-06-03,263483,245856,4277676
2025-06-04,282470,245882,4453078
2025-06-05,276354,239951,4209248
2025-06-06,275908,232473,3971366
2025-06-07,142141,128292,2746462
2025-06-08,135005,125365,2419073
2025-06-09,255303,222549,3894637
2025-06-10,275576,239058,4242094
2025-06-11,282392,244814,4389844
2025-06-12,282071,241736,4389106
2025-06-13,271326,223767,4016599
2025-06-14,137307,117635,2648754
2025-06-15,128639,107802,2060343
2025-06-16,259549,233061,3881697
2025-06-17,278874,252443,4244501
2025-06-18,287437,258760,4352533
2025-06-19,151719,128671,3312985
2025-06-20,275003,238453,3917085
2025-06-21,157226,137237,2750049
2025-06-22,124808,106241,2036654
2025-06-23,267072,220195,3675099
2025-06-24,274554,228175,3857783
2025-06-25,275835,234020,4044532
2025-06-26,284518,237407,4176259
2025-06-27,269267,236144,3745156
2025-06-28,140546,133369,2779328
2025-06-29,140810,128084,2443017
2025-06-30,265402,226634,3570724
2025-07-01,245375,212691,3827420
2025-07-02,267728,213549,3850919
2025-07-03,266204,208213,3599213
2025-07-04,141707,107177,2325024
2025-07-05,147313,108845,2279010
2025-07-06,146359,106648,1991884
2025-07-07,248037,211317,3494924
2025-07-08,262625,241553,3921235
2025-07-09,266421,236794,4071286
2025-07-10,263195,229112,4019506
2025-07-11,272902,225186,3752472
2025-07-12,149285,135356,2696784
2025-07-13,132047,115440,2144413
2025-07-14,257985,218295,3605195
2025-07-15,273821,240472,4039160
2025-07-16,274639,239169,4117704
2025-07-17,272814,230292,4029813
2025-07-18,278160,223832,3739145
2025-07-19,168171,133834,2655440
2025-07-20,140696,107317,2111747
2025-07-21,267689,224453,3671940
2025-07-22,295419,245466,4085230
2025-07-23,298419,240979,4124410
2025-07-24,277559,236538,4079094
2025-07-25,262297,222755,3656150
2025-07-26,159323,137302,2790923
2025-07-27,127073,112224,2149759
2025-07-28,262687,227711,3664264
2025-07-29,275947,240606,3942701
2025-07-30,272520,241950,3995693
2025-07-31,260275,229384,3718979
2025-08-01,225675,174071,3597962
2025-08-02,151706,125916,2661432
2025-08-03,131196,102414,2109148
2025-08-04,253148,207908,3603453
2025-08-05,272605,227260,3990441
2025-08-06,273051,222043,3994828
2025-08-07,265143,214868,3944318
2025-08-08,260507,212368,3654469
2025-08-09,153113,131416,2671051
2025-08-10,136708,116733,2201175
2025-08-11,254512,211894,3541477
2025-08-12,272560,225090,3891327
2025-08-13,267156,221321,3880241
2025-08-14,264290,210265,3823077
2025-08-15,258243,203201,3551008
2025-08-16,153433,120490,2568833
2025-08-17,125268,101391,2015821
2025-08-18,246904,200323,3376936
2025-08-19,269818,217321,3788813
2025-08-20,255602,208647,3712709
2025-08-21,268214,218083,3790576
2025-08-22,264414,217013,3640772
2025-08-23,166882,133514,2669472
2025-08-24,149695,109360,2154935
2025-08-25,275475,207511,3499592
2025-08-26,294008,222383,3934641
2025-08-27,294556,220687,3959633
2025-08-28,293877,212908,3844830
2025-08-29,284378,205508,3559792
2025-08-30,174467,129878,2575973
2025-08-31,152591,113092,2197950
2025-09-01,140632,100886,2092253
2025-09-02,277073,228222,3842843
2025-09-03,293705,238831,4101293
2025-09-04,289721,232772,4258378
2025-09-05,279193,225330,4020205
2025-09-06,141330,117043,2589586
2025-09-07,122696,99960,2058463
2025-09-08,266996,226542,4051429
2025-09-09,278353,249487,4433601
2025-09-10,277619,244711,4472327
2025-09-11,284101,239089,4499093
2025-09-12,280104,230142,4196585
2025-09-13,152575,144805,2916067
2025-09-14,128586,117465,2260774
2025-09-15,271084,228659,4046573
2025-09-16,286694,246166,4425430
2025-09-17,286428,242860,4446829
2025-09-18,281845,239470,4488401
2025-09-19,286808,231477,4177680
2025-09-20,162463,137816,2907031
2025-09-21,138648,119583,2305677
2025-09-22,277694,235311,3931188
2025-09-23,292843,251491,3913543
2025-09-24,301441,246884,4031358
2025-09-25,298380,243174,4423394
2025-09-26,306735,240853,4199816
2025-09-27,181410,145805,2911538
2025-09-28,149259,114310,2213509
2025-09-29,278761,232338,4061628
2025-09-30,286693,257916,4440014
2025-10-01,259808,243325,4339922
2025-10-02,257417,236427,3815531
2025-10-03,265055,225487,4066815
2025-10-04,143110,136719,2104373
2025-10-05,120574,109130,2193758
2025-10-06,261527,226803,3927545
2025-10-07,278786,254323,4212383
2025-10-08,269959,249146,4237976
2025-10-09,291108,250000,4452806
2025-10-10,285283,245256,4043304
2025-10-11,155564,145487,2732324
2025-10-12,105833,98164,1968515
2025-10-13,226891,203344,2788416
2025-10-14,280029,250229,4190034
2025-10-15,283734,250634,4328358
2025-10-16,289634,249181,4462590
2025-10-17,269171,240862,4113843
2025-10-18,154085,156049,2931765
2025-10-19,128355,125200,2264572
2025-10-20,264955,232341,3601800
2025-10-21,285947,252266,4461061
2025-10-22,275757,243232,4523614
2025-10-23,286021,247800,4559508
2025-10-24,274534,240961,4276483
2025-10-25,155774,157311,2949713
2025-10-26,126937,119440,2286150
2025-10-27,266942,232879,4127115
2025-10-28,283192,251648,4530266
2025-10-29,281041,248483,4602493
2025-10-30,267015,233660,4324588
2025-10-31,277129,238548,4432080
2025-11-01,144681,136951,3100676
2025-11-02,139969,126613,2832239
2025-11-03,255395,220572,4161669
2025-11-04,272769,239630,4115365
2025-11-05,278711,241336,4481565
2025-11-06,277537,237999,4476845
2025-11-07,271989,227739,4143987
2025-11-08,146648,144272,2998303
2025-11-09,108466,102557,2170348
2025-11-10,261926,224338,4042262
2025-11-11,261323,231128,3805525
2025-11-12,277019,241668,4490139
2025-11-13,278935,240393,4514518
2025-11-14,266627,228051,4202637
2025-11-15,147186,134636,2916948
2025-11-16,122244,104396,2244614
2025-11-17,265144,224332,4073219
2025-11-18,276957,244622,4478041
2025-11-19,285721,242379,4485722
2025-11-20,281238,242044,4507934
2025-11-21,265950,227894,4136195
2025-11-22,154859,136221,2789019
2025-11-23,124945,111766,2214468
2025-11-24,278824,235318,4093423
2025-11-25,287401,245330,4220008
2025-11-26,303778,255782,3810090
2025-11-27,136991,118294,1828134
2025-11-28,155678,137068,2812012
2025-11-29,157271,140888,2451340
2025-11-30,130384,108842,1870396
2025-12-01,249607,216228,4006207
2025-12-02,265911,223297,4133004
2025-12-03,275589,240102,4602770
2025-12-04,279292,234324,4625030
2025-12-05,257408,214457,4245175
2025-12-06,161891,143742,3167060
2025-12-07,132179,108943,2417625
2025-12-08,262078,221975,4146910
2025-12-09,280939,245102,4498157
2025-12-10,278314,243313,4570883
2025-12-11,282861,244157,4654787
2025-12-12,271356,232325,4342252
2025-12-13,183250,160206,3223814
2025-12-14,116119,106009,2275321
2025-12-15,257524,221439,4071120
2025-12-16,275666,243838,4478870
2025-12-17,286645,245310,4493497
2025-12-18,294530,245278,4499832
2025-12-19,269600,221112,3888599
2025-12-20,173942,155827,2981831
2025-12-21,152661,127045,2390530
2025-12-22,268354,229496,3869528
2025-12-23,268202,223698,3602331
2025-12-24,244530,195155,2853461
2025-12-25,96125,69421,1511985
2025-12-26,238777,204111,2695535
2025-12-27,130835,114446,2219293
2025-12-28,133665,114540,2180348
2025-12-29,257839,214568,3297161
2025-12-30,265344,222329,3554107
2025-12-31,245088,203486,3084643
2026-01-01,99745,77813,2016827
2026-01-02,192703,163155,3120979
2026-01-03,167213,132196,2478271
2026-01-04,90083,73729,1934593
2026-01-05,219975,177390,3650793
2026-01-06,245492,197811,3973013
2026-01-07,250828,207994,4074540
2026-01-08,251655,212710,4096415
2026-01-09,239792,197505,3763800
2026-01-10,114420,97875,2395364
2026-01-11,99745,84855,1978534
2026-01-12,237811,200032,3770308
2026-01-13,258513,220239,4108806
2026-01-14,259501,223140,4123499
2026-01-15,255079,220178,4122446
2026-01-16,241834,208331,3777244
2026-01-17,112583,102013,2366112
2026-01-18,83410,82259,1892975
2026-01-19,105820,86326,2453300
2026-01-20,253778,219701,3877447
2026-01-21,257748,225265,4025339
2026-01-22,265608,228722,4121459
2026-01-23,248622,209654,3776980
2026-01-24,114512,90911,2221402
2026-01-25,30577,27652,819623
2026-01-26,53590,42911,1755760
2026-01-27,246235,209031,4059702
2026-01-28,268629,223385,4332658
2026-01-29,270439,225215,4395790
2026-01-30,245174,206477,3957935
2026-01-31,116643,96472,2581424
2026-02-01,80871,69254,1981353
2026-02-02,217203,182299,3985895
2026-02-03,263234,219849,4397644
2026-02-04,263388,225121,4439787
2026-02-05,265748,225067,4432406
2026-02-06,252754,210906,4020646
2026-02-07,102769,89754,2358946
2026-02-08,80029,70025,1769698
2026-02-09,243351,201329,3807229
2026-02-10,262988,225826,4283901
2026-02-11,268664,226961,4377163
2026-02-12,265892,226582,4266487
2026-02-13,256378,215551,4034457
2026-02-14,125137,110510,2839785
2026-02-15,112300,93826,2247495
2026-02-16,101152,86277,2560717
2026-02-17,260663,223936,3797796
2026-02-18,269864,224093,3974070
2026-02-19,273447,228261,4052265
2026-02-20,251262,203096,3550862
2026-02-21,142725,113589,2710824
2026-02-22,65623,60366,1439320
2026-02-23,0,16152,830660
2026-02-24,90520,108743,3487403
2026-02-25,250926,212973,4139212
2026-02-26,272009,231970,4373179
2026-02-27,257875,218043,4070331
2026-02-28,150484,120082,2839556
2026-03-01,102690,80318,2092624
2026-03-02,228349,189527,3977302
2026-03-03,255481,216028,4204675
2026-03-04,267999,230841,4389363
2026-03-05,263845,223892,4249962
2026-03-06,252224,213668,4001475
2026-03-07,122719,112304,2773292
2026-03-08,106218,90561,2118735
2026-03-09,256980,216978,4017877
2026-03-10,286451,242120,4429117
2026-03-11,276278,240805,4423114
2026-03-12,280281,236207,4360259
2026-03-13,276610,224651,4099078
2026-03-14,152848,124704,2883522
2026-03-15,117786,95218,2284838
2026-03-16,249381,208691,3857027
2026-03-17,279541,242645,4469055
2026-03-18,281676,244436,4510854
2026-03-19,281063,242630,4482768
2026-03-20,268288,228693,3784106
2026-03-21,137175,123117,2811993
2026-03-22,123518,102101,2121729
2026-03-23,255362,213572,3888821
2026-03-24,285995,239664,4385137
2026-03-25,279314,240153,4402186
2026-03-26,304253,241015,4431640
2026-03-27,264326,221909,4019397
2026-03-28,150533,124691,2929313
2026-03-29,121016,97853,2203483
2026-03-30,270783,222861,3998954
2026-03-31,283190,246489,4383952
2026-04-01,251388,215767,4232503
2026-04-02,254880,215928,3900255
2026-04-03,257779,224159,3586174
2026-04-04,153371,145498,2951308
2026-04-05,117368,106661,1988198
2026-04-06,248376,214677,3665272
2026-04-07,271051,239713,4088429
2026-04-08,273134,242421,4081273
2026-04-09,283722,242312,4113539
2026-04-10,275636,229974,3921201
2026-04-11,162641,136538,2931621
2026-04-12,126689,102484,2190707
2026-04-13,255307,222790,3982381
2026-04-14,284780,250019,4446516
2026-04-15,280305,253123,4492478
2026-04-16,283310,250075,4499619
2026-04-17,265678,240167,4185097
2026-04-18,153460,150443,3060136
2026-04-19,105273,98969,2105104
2026-04-20,262373,223303,4099614
2026-04-21,281884,246155,4441919
2026-04-22,282919,247815,4486292
2026-04-23,299239,256200,4580490
2026-04-24,279397,245042,4268055
2026-04-25,125261,111587,2685935
2026-04-26,117184,112778,2340921
2026-04-27,259203,224358,4057416
2026-04-28,287935,247855,4441195
2026-04-29,280165,247914,4483678
2026-04-30,283918,244080,4462639
2026-05-01,226626,192666,4237281
2026-05-02,138590,128983,2970388
2026-05-03,122910,108466,2394703
2026-05-04,256730,218344,4101660
2026-05-05,290796,250585,4507946
2026-05-06,285219,249208,4441571
2026-05-07,285975,251818,4494867
2026-05-08,276333,232579,4170075
2026-05-09,137761,116969,2711116
2026-05-10,137794,121213,2196587
2026-05-11,263999,230010,4041257
2026-05-12,290981,253326,4547855
2026-05-13,290840,253866,4577163
2026-05-14,265552,248764,4593266
2026-05-15,249226,239234,4280781
2026-05-16,0,151901,3267749
2026-05-17,0,115691,2494895
2026-05-18,0,238270,4118450
2026-05-19,73727,259833,4481231
2026-05-20,283643,257684,4465109
2026-05-21,291733,256261,4386711
2026-05-22,277277,249076,3968143
2026-05-23,129759,109220,2407533
2026-05-24,109255,92631,2019466
2026-05-25,123020,96589,2202485
2026-05-26,295809,249759,4245059
2026-05-27,287968,255084,4137026
2026-05-28,288181,256116,4436107
2026-05-29,279994,237163,4149318
2026-05-30,151376,133947,2847715
2026-05-31,135098,115060,2332810
2026-06-01,246736,208674,3993141
2026-06-02,281041,254711,4416745
2026-06-03,297303,263220,4572985
2026-06-04,297659,263279,4360644
2026-06-05,304864,257298,4210912
2026-06-06,174105,151814,2996706
2026-06-07,146397,125278,2380599
2026-06-08,277546,243895,4149454
2026-06-09,301369,265526,4421836
2026-06-10,309723,270949,4488039
2026-06-11,309671,263374,4437556
2026-06-12,293948,241623,4048553
2026-06-13,187256,163592,3118473
2026-06-14,159492,139018,2573599
2026-06-15,277711,237724,3963133
2026-06-16,298772,264681,4317100
2026-06-17,315054,277410,4439031
2026-06-18,369482,302486,4523724
2026-06-19,199163,157783,3466629
2026-06-20,190009,155739,2827329
2026-06-21,162443,136916,2177481
2026-06-22,270691,230712,3602239
2026-06-23,293879,254818,4155494
2026-06-24,315916,270920,4387873
2026-06-25,310453,262488,4204764
2026-06-26,301469,247743,3986159
2026-06-27,168142,137873,2818312
2026-06-28,164525,136578,2549648
2026-06-29,283773,249141,3745775
2026-06-30,298430,266082,3987718
2026-07-01,257177,218659,3909449
2026-07-02,258869,201910,3458650
2026-07-03,150445,113475,2481295
2026-07-04,134722,107434,2177193
2026-07-05,142128,121353,1957166
2026-07-06,236324,198102,3320874
2026-07-07,281907,237252,4002280
2026-07-08,296974,250032,4185110
2026-07-09,294310,243000,4042730
2026-07-10,283056,228928,3775250
2026-07-11,168212,138398,2706059
2026-07-12,152075,121389,2291444
2026-07-13,272616,228661,3772466
2026-07-14,292089,250764,4093194
2026-07-15,292645,249947,4068674
2026-07-16,294452,248344,4049737
2026-07-17,288091,242336,3810472
2026-07-18,141586,117696,2311444
2026-07-19,171137,143933,2422430
2026-07-20,274617,241945,3808408
2026-07-21,276051,239219,3959879
2026-07-22,295494,268615,4269739
2026-07-23,308345,257452,4157818
2026-07-24,291462,239547,3842835
2026-07-25,156523,146262,2909191
2026-07-26,142256,128651,2363599
2026-07-27,274132,231226,3774943
2026-07-28,281389,244423,3938329
2026-07-29,297471,255792,4161938
2026-07-30,302729,254015,4148768
2026-07-31,294625,241529,3862605
2026-08-01,162069,132095,2868502
2026-08-02,136558,105884,2244243
2026-08-03,225023,189267,3478766
2026-08-04,280298,244115,4128156
2026-08-05,289978,246272,4120008
2026-08-06,284418,235750,4051371
2026-08-07,269316,217413,3593217
2026-08-08,161480,138373,2748386
2026-08-09,159674,126269,2246882
2026-08-10,260435,212148,3545856
2026-08-11,277812,241631,3934167
2026-08-12,290800,246279,4026621
2026-08-13,287374,240475,3957648
2026-08-14,280609,220834,3644780
2026-08-15,170355,135768,2733697
2026-08-16,133470,108953,2074127
2026-08-17,255802,206249,3451785
2026-08-18,278113,230336,3829685
2026-08-19,282448,232931,3886807
2026-08-20,275523,223555,3738514
2026-08-21,283047,229147,3606510
2026-08-22,159692,137823,2643427
2026-08-23,141672,113125,2133137
2026-08-24,259552,207016,3416175
2026-08-25,300126,236351,3822238
2026-08-26,299842,235075,3878283
2026-08-27,289548,220815,3651247
2026-08-28,291202,223097,3660107
2026-08-29,186151,152101,2837735
2026-08-30,160278,114838,2152340
2026-08-31,288083,215946,3557655
